{"cameraMode":{"drawMode":0,"name":"Shaded","section":"Shading Mode"},"sceneLighting":false,"audioPlay":false,"sceneViewState":{"m_AlwaysRefresh":false,"showFog":true,"showSkybox":false,"showFlares":true,"showImageEffects":true,"showParticleSystems":true,"showVisualEffectGraphs":true,"m_FxEnabled":true},"in2DMode":false,"pivot":{"x":-0.5715717673301697,"y":1.38118314743042,"z":0.2179667204618454},"rotation":{"x":0.042717233300209048,"y":-0.7334634065628052,"z":0.046282000839710239,"w":0.6771507859230042},"size":1.8634177446365357,"orthographic":false}