{"cameraMode":{"drawMode":0,"name":"Shaded","section":"Shading Mode"},"sceneLighting":false,"audioPlay":false,"sceneViewState":{"m_AlwaysRefresh":false,"showFog":true,"showSkybox":false,"showFlares":true,"showImageEffects":true,"showParticleSystems":true,"showVisualEffectGraphs":true,"m_FxEnabled":true},"in2DMode":false,"pivot":{"x":1.233770489692688,"y":-65.47710418701172,"z":-118.83319091796875},"rotation":{"x":-0.0018307925201952458,"y":-0.9675458669662476,"z":0.2534639835357666,"w":-0.006653959397226572},"size":96.22986602783203,"orthographic":false}