{"cameraMode":{"drawMode":0,"name":"Shaded","section":"Shading Mode"},"sceneLighting":false,"audioPlay":false,"sceneViewState":{"m_AlwaysRefresh":false,"showFog":true,"showSkybox":false,"showFlares":true,"showImageEffects":true,"showParticleSystems":true,"showVisualEffectGraphs":true,"m_FxEnabled":true},"in2DMode":false,"pivot":{"x":0.5434601306915283,"y":1.1994043588638306,"z":-0.4509086012840271},"rotation":{"x":-0.012675544247031212,"y":-0.9865842461585999,"z":0.09082045406103134,"w":-0.13670866191387177},"size":1.6582003831863404,"orthographic":false}