{"cameraMode":{"drawMode":0,"name":"Shaded","section":"Shading Mode"},"sceneLighting":true,"audioPlay":false,"sceneViewState":{"m_AlwaysRefresh":false,"showFog":true,"showSkybox":true,"showFlares":true,"showImageEffects":true,"showParticleSystems":true,"showVisualEffectGraphs":true,"m_FxEnabled":true},"in2DMode":false,"pivot":{"x":16.429672241210939,"y":0.5819500684738159,"z":17.892898559570314},"rotation":{"x":0.43263715505599978,"y":0.5398539304733276,"z":-0.3810858428478241,"w":0.6135342717170715},"size":29.179658889770509,"orthographic":false}