{"cameraMode":{"drawMode":0,"name":"Shaded","section":"Shading Mode"},"sceneLighting":true,"audioPlay":false,"sceneViewState":{"m_AlwaysRefresh":false,"showFog":true,"showSkybox":true,"showFlares":true,"showImageEffects":true,"showParticleSystems":true,"showVisualEffectGraphs":true,"m_FxEnabled":true},"in2DMode":false,"pivot":{"x":246.37277221679688,"y":243.42515563964845,"z":92.11530303955078},"rotation":{"x":0.02575709857046604,"y":0.020662544295191766,"z":-0.0004903657245449722,"w":0.9994816780090332},"size":354.43414306640627,"orthographic":false}