{"cameraMode":{"drawMode":0,"name":"Shaded","section":"Shading Mode"},"sceneLighting":true,"audioPlay":false,"sceneViewState":{"m_AlwaysRefresh":false,"showFog":true,"showSkybox":true,"showFlares":true,"showImageEffects":true,"showParticleSystems":true,"showVisualEffectGraphs":true,"m_FxEnabled":true},"in2DMode":false,"pivot":{"x":427.78143310546877,"y":382.6535949707031,"z":-559.9744262695313},"rotation":{"x":0.11733373999595642,"y":0.012496220879256726,"z":-0.0014876594068482519,"w":0.993162989616394},"size":23.478595733642579,"orthographic":false}