{"cameraMode":{"drawMode":0,"name":"Shaded","section":"Shading Mode"},"sceneLighting":true,"audioPlay":false,"sceneViewState":{"m_AlwaysRefresh":false,"showFog":true,"showSkybox":true,"showFlares":true,"showImageEffects":true,"showParticleSystems":true,"showVisualEffectGraphs":true,"m_FxEnabled":true},"in2DMode":false,"pivot":{"x":-15.966734886169434,"y":11.243983268737793,"z":11.480660438537598},"rotation":{"x":-0.15236786007881165,"y":-0.6399062275886536,"z":0.12399490177631378,"w":-0.7449776530265808},"size":1.7320507764816285,"orthographic":false}